<?xml version="1.0"?>
<!DOCTYPE entry SYSTEM "../catalogue.dtd">
<entry id="wasysym"
       datestamp="2003/05/31" 
       modifier="A.Kielhorn@web.de">
  <about>
    <name>wasysym</name>
    <caption>LaTeX support file to use the WASY-2 fonts</caption>
    <author>
      <name>Axel Kielhorn</name>
      <email>A.Kielhorn@web.de</email>
    </author>
    <license type="lppl"/>
    <version>
      <number>2.0</number>
    </version>
  </about>
  <description>
    <abstract>
	The WASY (Waldi Symbol) font by Roland Waldi provides many
	characters like male and female symbols and astronomical symbols.
	The wasysym package implements and easy to use interface for these
	symbols.
    </abstract>
    <documentation location="ctan" type="pdf">wasysym.pdf</documentation>
  </description>
  <distribution>
    <ctan>macros/latex/contrib/supported/wasysym</ctan>
    <texlive>???</texlive>
  </distribution>
</entry>







